{
  "2025-08-03": {
    "10:00": {
      "id": 522668396,
      "first_name": "Оксана",
      "username": "tur4enkooksana"
    },
    "12:00": {
      "id": 522668396,
      "first_name": "Оксана",
      "username": "tur4enkooksana"
    },
    "13:00": {
      "id": 522668396,
      "first_name": "Оксана",
      "username": "tur4enkooksana"
    }
  },
  "2025-08-04": {
    "12:00": {
      "id": 594123870,
      "first_name": "Max",
      "username": "maxheartprints"
    },
    "14:00": {
      "id": 594123870,
      "first_name": "Max",
      "username": "maxheartprints"
    },
    "16:00": {
      "id": 594123870,
      "first_name": "Max",
      "username": "maxheartprints"
    }
  },
  "2025-08-05": {
    "11:00": {
      "id": 522668396,
      "first_name": "Оксана",
      "username": "tur4enkooksana"
    },
    "13:00": {
      "id": 522668396,
      "first_name": "Оксана",
      "username": "tur4enkooksana"
    }
  }
}